,"parent","appendChild","JAXPUtils","createTextNode","c","e","createCDATASection","getOwnerDocument","createElement","getDocumentBuilder","content","t","arg0","name","doc","createChildElement","newDocument"
"parent",2,3,0,0,0,0,0,3,0,0,0,0,0,0,0,0,0
"appendChild",3,0,0,0,0,0,0,0,0,0,0,0,0,0,0,0,0
"JAXPUtils",0,0,0,0,0,0,0,0,0,1,0,0,0,0,0,0,0
"createTextNode",0,0,0,0,0,0,0,0,0,0,0,1,0,0,1,0,0
"c",0,0,0,0,0,0,0,0,0,0,0,0,1,0,0,0,0
"e",2,0,0,0,0,0,0,0,0,0,0,0,1,0,0,1,0
"createCDATASection",0,0,0,0,1,0,0,0,0,0,0,0,0,0,1,0,0
"getOwnerDocument",3,0,0,0,0,0,0,0,0,0,0,0,0,0,3,0,0
"createElement",0,0,0,0,0,1,0,0,0,0,0,0,0,0,1,0,0
"getDocumentBuilder",0,0,1,0,0,0,0,0,0,0,0,0,0,0,0,0,1
"content",0,0,0,0,0,0,0,0,0,0,2,0,2,0,0,0,0
"t",0,0,0,0,0,0,0,0,0,0,0,0,1,0,0,0,0
"arg0",0,0,0,0,0,0,0,0,0,0,0,0,0,0,0,0,0
"name",0,0,0,0,0,0,0,0,0,0,0,0,1,2,0,0,0
"doc",0,0,0,1,0,0,1,0,1,0,0,0,0,0,0,0,0
"createChildElement",0,0,0,0,0,2,0,0,0,0,0,0,0,0,0,0,0
"newDocument",0,0,0,0,0,0,0,0,0,1,0,0,0,0,0,0,1
