,"item","getRowCount","getItemCount","listener","column","XYDatasetTableModel","getColumnName","getColumnCount","getSeriesKey","addChangeListener","getX","getY","getValueAt","series","arg0","model","getSeriesCount","AbstractTableModel","toString","row","dataset"
"item",0,0,0,0,0,0,0,0,0,0,0,0,0,0,0,0,0,0,0,0,0
"getRowCount",0,0,0,0,0,0,0,0,0,0,0,0,0,0,0,0,0,0,0,0,0
"getItemCount",0,1,0,0,0,0,0,0,0,0,0,0,0,0,0,1,0,0,0,0,0
"listener",0,0,0,0,0,0,0,0,0,0,0,0,0,0,0,0,0,0,0,0,0
"column",0,0,0,0,1,0,0,0,0,0,0,0,0,2,1,0,0,0,0,0,0
"XYDatasetTableModel",0,0,0,2,0,0,0,0,0,0,0,0,0,0,0,13,0,0,0,0,0
"getColumnName",0,0,0,0,0,0,1,0,0,0,0,0,0,0,0,0,0,1,0,0,0
"getColumnCount",0,0,0,0,0,0,0,0,0,0,0,0,0,0,0,0,0,0,0,0,0
"getSeriesKey",0,0,0,0,0,0,0,0,0,0,0,0,0,0,0,1,0,0,1,0,0
"addChangeListener",0,0,0,0,0,0,0,0,0,0,0,0,0,0,0,2,0,0,0,0,0
"getX",0,0,0,0,0,0,0,0,0,0,0,0,1,0,0,1,0,0,0,0,0
"getY",0,0,0,0,0,0,0,0,0,0,0,0,1,0,0,1,0,0,0,0,0
"getValueAt",0,0,0,0,0,0,0,0,0,0,0,0,0,0,0,0,0,0,0,0,0
"series",0,0,0,0,0,0,0,0,0,0,0,0,0,0,0,0,0,0,0,0,0
"arg0",0,0,0,0,0,0,0,0,0,0,0,0,0,0,0,0,0,0,0,0,0
"model",0,0,1,0,0,13,0,0,1,2,1,1,0,0,0,0,1,0,0,0,0
"getSeriesCount",0,0,0,0,0,0,0,1,0,0,0,0,0,0,0,1,0,0,0,0,0
"AbstractTableModel",0,0,0,0,0,0,1,0,0,0,0,0,0,0,0,0,0,0,0,0,0
"toString",0,0,0,0,0,0,1,0,1,0,0,0,0,0,0,0,0,0,0,0,0
"row",2,0,0,0,0,0,0,0,0,0,0,0,0,0,0,0,0,0,0,1,0
"dataset",0,0,0,0,0,0,0,0,0,0,0,0,0,0,0,2,0,0,0,0,0
